{
  "timestamp": "2025-10-01T22:21:28.776961",
  "embedding_dimension": 768,
  "languages_count": 12,
  "dhatu_anchors": [
    "√kṛ",
    "√gam",
    "√sthā",
    "√bhū",
    "√dā",
    "√labh",
    "√vac",
    "√jñā",
    "√paś",
    "√śru"
  ],
  "embeddings_by_language": [
    {
      "language_code": "sa",
      "language_name": "Sanskrit",
      "vocabulary_size": 1000,
      "embedding_dimension": 768,
      "sample_count": 10,
      "alignment_quality_score": 0.865,
      "sample_embeddings": {
        "कर": [
          0.0056581508854806695,
          0.02678794878844434,
          -0.04910205038938528,
          -0.0006861611789418628,
          0.028405894224110884,
          "..."
        ],
        "गम्": [
          -0.00621889148625946,
          -0.01995706233145655,
          -0.026622966389497866,
          -0.0415846171341916,
          0.014753467828816423,
          "..."
        ],
        "स्था": [
          0.003562407600828556,
          -0.06754543853672025,
          -0.0027146711034879557,
          0.04618807127145518,
          0.056309893644169884,
          "..."
        ],
        "भू": [
          0.0030837448620719666,
          -0.004782753241386448,
          -0.025390351777707355,
          -0.010394140499068488,
          0.024283556555906156,
          "..."
        ],
        "दा": [
          -0.018095631709729738,
          0.060057758313509575,
          -0.0023565092096302634,
          -0.05199389609408465,
          0.007532988077181523,
          "..."
        ]
      }
    },
    {
      "language_code": "hi",
      "language_name": "Hindi",
      "vocabulary_size": 1000,
      "embedding_dimension": 768,
      "sample_count": 10,
      "alignment_quality_score": 0.865,
      "sample_embeddings": {
        "करना": [
          0.014466501546039647,
          -0.03476221145952472,
          0.03074442140065332,
          0.03279096533914148,
          0.04006882517827766,
          "..."
        ],
        "जाना": [
          -0.040205957269615095,
          -0.0014851582135989203,
          -0.040237096728068286,
          -0.031338111144436125,
          -0.05826602316970809,
          "..."
        ],
        "खड़ा": [
          0.012332856404659785,
          -0.047604641967420154,
          -0.003988542038173756,
          -0.03864722631571892,
          0.017418169709911686,
          "..."
        ],
        "होना": [
          0.045644985826431915,
          0.027699117588513317,
          -0.03389096588055784,
          -0.023101100408515964,
          0.03530386349681083,
          "..."
        ],
        "देना": [
          0.015381884754673199,
          -0.09321972198787129,
          0.023017728290528783,
          0.023586356232064534,
          0.004766398585113335,
          "..."
        ]
      }
    },
    {
      "language_code": "fr",
      "language_name": "Français",
      "vocabulary_size": 1000,
      "embedding_dimension": 768,
      "sample_count": 10,
      "alignment_quality_score": 0.865,
      "sample_embeddings": {
        "faire": [
          0.04625664043320703,
          0.024058734821905004,
          0.0029815424784444054,
          0.015560955916599001,
          0.006615979459483069,
          "..."
        ],
        "aller": [
          0.03562036815954353,
          0.004878116975987883,
          -0.028431557477982525,
          -0.04471943898499858,
          0.02653163822827162,
          "..."
        ],
        "rester": [
          0.09026514126757942,
          -0.05862353565675802,
          0.01781936062794662,
          -0.01468845221614997,
          0.04964449497530787,
          "..."
        ],
        "être": [
          0.0238751148079172,
          -0.053146220109112144,
          -0.07449183983444539,
          0.039524642834887325,
          -0.05752298331043107,
          "..."
        ],
        "donner": [
          -0.011606674367531152,
          0.017277743922062504,
          -0.07307571571424232,
          -0.041132478930311245,
          0.03789937425015636,
          "..."
        ]
      }
    },
    {
      "language_code": "en",
      "language_name": "English",
      "vocabulary_size": 1000,
      "embedding_dimension": 768,
      "sample_count": 10,
      "alignment_quality_score": 0.865,
      "sample_embeddings": {
        "do": [
          0.0013699865990131914,
          0.015846989200213005,
          0.032659521530192186,
          -0.03567990945995291,
          0.038328739690749625,
          "..."
        ],
        "go": [
          -0.036879355735931346,
          0.011588152104304446,
          0.003979424318211337,
          -0.05731612651068215,
          -0.048610033951881654,
          "..."
        ],
        "stand": [
          0.018605861780615136,
          -0.07153949539694764,
          0.026318352562941155,
          0.019637106014995784,
          -0.008920856189689465,
          "..."
        ],
        "be": [
          -0.009063416598220773,
          -0.023965610390207216,
          -0.009698233673232573,
          0.08156415619229172,
          0.03269489305585434,
          "..."
        ],
        "give": [
          0.011473230762548008,
          0.020450306230630592,
          0.01319102442879295,
          -0.023280050479227883,
          0.01205532212748416,
          "..."
        ]
      }
    },
    {
      "language_code": "es",
      "language_name": "Español",
      "vocabulary_size": 1000,
      "embedding_dimension": 768,
      "sample_count": 10,
      "alignment_quality_score": 0.865,
      "sample_embeddings": {
        "hacer": [
          -0.011024784353550598,
          0.0028455201752201386,
          0.023798792579945723,
          -0.058171482039165875,
          0.022797886444247375,
          "..."
        ],
        "ir": [
          -0.00961222213348721,
          -0.049400763856469576,
          0.03276297957742888,
          0.042892624663917904,
          0.018398879984360537,
          "..."
        ],
        "estar": [
          -0.006225563822016782,
          -0.0528451835142134,
          0.004552577027299181,
          0.05492695962542847,
          0.08205265084472242,
          "..."
        ],
        "ser": [
          0.06937739769577525,
          0.04504799951165294,
          -0.025568676323756586,
          0.005927751831122589,
          0.02045460615884153,
          "..."
        ],
        "dar": [
          -0.05232301786721594,
          -0.05488944187461144,
          -0.01405087702416554,
          0.04102901873288224,
          0.048386492280004655,
          "..."
        ]
      }
    },
    {
      "language_code": "zh",
      "language_name": "中文",
      "vocabulary_size": 1000,
      "embedding_dimension": 768,
      "sample_count": 10,
      "alignment_quality_score": 0.865,
      "sample_embeddings": {
        "做": [
          -0.0069796971544595614,
          -0.014238418587496532,
          0.05198788708095099,
          -0.013571372941558803,
          0.01919356869389096,
          "..."
        ],
        "去": [
          -0.035562775174558504,
          -0.03805770654665914,
          -0.019433464397957012,
          -0.012806905167117303,
          -0.05148885320542817,
          "..."
        ],
        "站": [
          0.025713994305912504,
          -0.06440916497256063,
          -0.0028716824419173313,
          -0.00647726719879032,
          0.022507690884360988,
          "..."
        ],
        "是": [
          0.030844069229693606,
          0.061433668704775214,
          -0.006367950512095491,
          0.0534450765590408,
          0.0347763575179614,
          "..."
        ],
        "给": [
          -0.033506689525738584,
          0.03442787524441912,
          0.04932374870406453,
          -0.03385716281515769,
          0.000908207377852717,
          "..."
        ]
      }
    },
    {
      "language_code": "ar",
      "language_name": "العربية",
      "vocabulary_size": 1000,